<?xml version="1.0" encoding="UTF-8" standalone="yes"?>
<addon id="script.aftershocknow.guide" name="Aftershock Now" version="2017.07.10" provider-name="AftershockPY">
	<requires>
		<import addon="xbmc.python" version="2.19.0"/>
		<import addon="script.module.simplejson" version="3.3.0"/>
	</requires>
	<extension point="xbmc.python.script" library="addon.py">
            <provides>executable</provides>
    </extension>
    <extension point="xbmc.addon.metadata">

		<description lang="en">The AftershockNow Guide provides an EPG for the AftershockNow addon.</description>
		
		<disclaimer lang="en">The AftershockNow Guide is based on the FTV Guide by rayw1986 and bluezed which is based on the original TV Guide addon by twinther.</disclaimer>
		<language></language>
		<platform>all</platform>
		<license>GPLv2</license>
        <forum></forum>
        <website></website>
		<email></email>
		<broken>deprecated</broken>
	</extension>
</addon>
